"","x"
"1","irh135yzky2"
"2","kh3x35yz7am"
"3","dd2e35yzhpg"
"4","8sle35yzcxf"
"5","5lox35yzbqd"
"6","o3tp35yzwkb"
"7","7ff035yzptp"
"8","vloo35yzawg"
"9","52oe35yzuhi"
"10","mqqq35yziuz"
"11","hdzw35yzs7s"
"12","tik035yzvee"
"13","u6l035yzk2k"
"14","05gf35yzzzk"
"15","61y535yz5ox"
"16","l1am35yzw2f"
"17","rac235yzkyo"
"18","pcxh35yzq6x"
"19","w2fr35yzivo"
"20","w8pl35yzq8t"
"21","3emq35yzdng"
"22","tywo35yz7o5"
"23","h7jp35yz2h7"
"24","q3fw35yz807"
"25","r3qk35yzypw"
"26","9twb35yzeie"
"27","s0sz35yz4up"
"28","dbwk35yz24h"
"29","1ewa35yzmvv"
"30","udyn35yz8ir"
"31","s5wg35yzdfv"
"32","pvxs35yzu0c"
"33","fpji35yzo6i"
"34","1f2v35yz98m"
"35","1bgs35yz1fw"
"36","igaf35yzhuy"
"37","t6no35yzo62"
"38","xrp335yzgp1"
"39","qm0535yzg9s"
"40","uj8z35yzxs3"
"41","7jwf35yz86s"
"42","fasb35yz3hg"
"43","tns035yzf7g"
"44","djt035yz5ni"
"45","qk5n35yz4oo"
"46","i6h335yznhu"
"47","xb1m35yz0qs"
"48","h8c735yzfwi"
"49","r8gu35yzuu2"
"50","grcg35yzxii"
"51","z6i635yzsx0"
"52","qy4635yzrvs"
"53","3as735yzotf"
"54","2go535yz058"
"55","7e0i35yzcdt"
"56","lfvl35yzaf7"
"57","2w3p35yzt0q"
"58","4eqr35yzybm"
"59","u0gr35yzvwd"
"60","pt5l35yzem1"
"61","h15q35yzx2d"
"62","k5jk35yz647"
"63","jev335yzxis"
"64","r64z35yzpox"
"65","pet435yztqs"
"66","mc9s35yzyff"
"67","ngxs35yz0bx"
"68","k3y335yzhg1"
"69","n9j035yzk4u"
"70","a7tj35yzhi0"
"71","h42h35yzdvl"
"72","7m6n35yz2du"
"73","4zum35yz299"
"74","053e35yzfpv"
"75","y5uv35yzw6e"
"76","uecp35yz5fb"
"77","cect35yzrk3"
"78","9j2135yzy9s"
"79","piv335yz6mz"
"80","3xm135yzzea"
"81","4j0835yz8d5"
"82","90gg35yzmd5"
"83","zykq35yze99"
"84","i4h135yzm3w"
"85","whng35yzdzl"
"86","3web35yz8yx"
"87","93k135yzlaf"
"88","q76535yzwtf"
"89","47ks35yzy98"
"90","33ip35yzrhv"
"91","lqhw35yzxuv"
"92","m74135yzeh7"
"93","5sue35yzsmh"
"94","5lig35yzazu"
"95","5j1b35yzcf4"
"96","utad35yztao"
"97","y02z35yzwas"
"98","aa5s35yz91l"
"99","5zza35yz9pc"
"100","ik5535yz79c"
"101","2e0m35yzw0v"
"102","5l7835yzf63"
"103","vm5g35yz7v8"
"104","tj8f35yzboj"
"105","7mrb35yzlkp"
"106","wsbp35yzs5o"
"107","hsaf35yza3e"
"108","qx3j35yz6uy"
"109","p1sk35yzvfl"
"110","rtaj35yza7o"
"111","lorz35yzx4l"
"112","s4wb35yzsvr"
"113","yokh35yzm7s"
"114","n7cw35yzks7"
"115","ehen35yzcau"
"116","5b4d35yzf3u"
"117","gkya35yzr36"
"118","1vtp35yzab7"
"119","ctkg35yzu4c"
"120","il0r35yz9ga"
"121","9ws335yzfeo"
"122","fzxy35yzmf1"
"123","92fe35yzh2u"
"124","5q6q35yzb0h"
"125","2kzc35yzalg"
"126","h8di35yzqr5"
"127","ai5k35yzyn7"
"128","cafo35yz3eq"
"129","tyz735yzbzo"
"130","zayf35yz7or"
"131","nacz35yz1dt"
"132","f1y235yzt8k"
"133","aj9j35yzy9r"
"134","o5da35yz26b"
"135","fj7935yzfre"
"136","hmya35yz0hm"
"137","vy5n35yzd21"
"138","rzyz35yzwq9"
"139","8tmf35yznt3"
"140","m27n35yzw3y"
"141","ppdk35yzhmk"
"142","u3kl35yzvv2"
"143","1ffu35yz5ks"
"144","ml7a35yzymu"
"145","qotd35yz8eq"
"146","wkxd35yz0ya"
"147","7f0v35yzqyk"
"148","tm2s35yzmpw"
"149","2qil35yzuvu"
"150","ilj535yzc7b"
"151","71x335yztcm"
"152","yjir35yz9g0"
"153","jskn35yzih9"
"154","juzv35yzntd"
"155","ky4e35yzmvo"
"156","v9rv35yz4dc"
"157","9mqd35yzoz4"
"158","upmd35yzwph"
"159","k19e35yz8pm"
"160","4fvc35yz8j1"
"161","ddvn35yzlbl"
"162","65vk35yzv46"
"163","3vll35yztus"
"164","zq3n35yz6ev"
"165","kujw35yzgxj"
"166","dirh35yzng6"
"167","am8835yz8wt"
"168","f8ks35yzu2b"
"169","kkyd35yzw1o"
"170","livs35yzn9w"
"171","zjim35yz62d"
"172","vfu235yzy48"
"173","pkrg35yzotm"
"174","zp6t35yzw9g"
"175","dtol35yz7vq"
"176","n0xj35yzvca"
"177","v26g35yzmi8"
"178","cmw735yz7nv"
"179","kpbg35yzngr"
"180","chsu35yzfes"
"181","pgzy35yzaxu"
"182","irx435yzqj9"
"183","638t35yzjx3"
"184","0f6c35yzrt1"
"185","zb8735yzzcx"
"186","vdpd35yzyy1"
"187","lbnp35yzh87"
"188","je0g35yz5uu"
"189","0s7d35yzgeh"
"190","5e6735yzivn"
"191","99l135yz6vd"
"192","zti435yzhrk"
"193","kn5235yzevh"
"194","e7tx35yzk6d"
"195","9aam35yzcjl"
"196","qpve35yz42n"
"197","vxr035yz65t"
"198","qqw735yzrzu"
"199","ik6d35yzclp"
"200","bfi035yzo3z"
"201","ycnb35yzw0y"
"202","ygos35yzob6"
"203","59xp35yzczy"
"204","9vtx35yza8u"
"205","3iou35yzxhf"
"206","cwe535yzgqj"
"207","n6om35yz0ww"
"208","4uxh35yzb1g"
"209","aw0s35yzour"
"210","s70t35yzp73"
"211","3kv035yzurp"
"212","bsh235yzruw"
"213","7xr035yz8ct"
"214","6f1w35yzemv"
"215","sn0f35yzu6g"
"216","p7q835yz9ru"
"217","05vg35yzrtl"
"218","jf7035yzo2p"
"219","i1aw35yzuuy"
"220","w5mj35yzr60"
"221","29zz35yza0u"
"222","1wwz35yzpea"
"223","0e3d35yzba6"
"224","pvee35yzocn"
"225","xjoy35yzz4l"
"226","dzv435yzh6n"
"227","tjjc35yzom7"
"228","pas135yzyi3"
"229","h8ci35yz02h"
"230","audg35yz0ap"
"231","bqku35yzo1g"
"232","na5n35yzhg4"
"233","zzj735yzh0c"
"234","s3e035yz7v3"
"235","p5j635yzq21"
"236","3eok35yzp40"
"237","fz4j35yzj6d"
"238","twee35yzgqv"
"239","c04m35yzieu"
"240","exiu35yzuqh"
"241","k9d635yz0rj"
"242","ngm035yz50l"
"243","26uf35yzmrb"
"244","0bu935yzuut"
"245","t5py35yze77"
"246","18r635yzjwu"
"247","kr0h35yzwlg"
"248","n47835yzbyy"
"249","ecrb35yzo06"
"250","zkxu35yzvm8"
"251","oc4r35yzde6"
"252","o1ca35yzypl"
"253","wjg435yzwe4"
"254","lqxn35yz0k0"
"255","w3uu35yzser"
"256","gxos35yz1l5"
"257","fczj35yz1ju"
"258","hxke35yz1k7"
"259","hwdg35yz9tk"
"260","l79v35yzkr2"
"261","zabd35yzeb4"
"262","m6jh35yzap0"
"263","mb4235yz35w"
"264","06gq35yzcd4"
"265","9aju35yzj50"
"266","uqp635yzcrk"
"267","nitt35yz1h4"
"268","w6jm35yzx6f"
"269","sbqv35yzls6"
"270","56l635yzzrm"
"271","sngj35yzm2f"
"272","5jpn35yzr88"
"273","xiwd35yz9jl"
"274","uuc635yzmzr"
"275","qeo335yzfnm"
"276","afc335yzxg3"
"277","jz7335yzue8"
"278","b2vn35yz5dw"
"279","fj3235yzqgp"
"280","gukc35yzyyd"
"281","6njx35yzr9c"
"282","apgl35yz0nw"
"283","zkyh35yzt8b"
"284","utex35yzu28"
"285","9uk135yze95"
